cache,entries,data_bytes,access_ns,cycle_ns,access_cycles,meets_access_target
cc,64,64,,,,no_model
cc,128,128,0.239178,0.202701,0.718252252,yes
cc,256,256,0.285007,0.238506,0.855876877,yes
cc,512,512,0.352724,0.238506,1.059231231,no
cc,1024,1024,0.453645,0.238506,1.362297297,no
cc,2048,2048,0.530965,0.202701,1.594489489,no
cc,4096,4096,0.614941,0.238506,1.846669670,no
cc,8192,8192,0.752949,0.317457,2.261108108,no
rc,8,128,0.117005,0.158434,0.351366366,yes
rc,16,256,0.121976,0.164156,0.366294294,yes
rc,32,512,0.140677,0.181643,0.422453453,yes
rc,64,1024,,,,no_model
rc,128,2048,0.205047,0.181643,0.615756757,yes
rc,256,4096,0.254120,0.217322,0.763123123,yes
rc,512,8192,0.350823,0.295883,1.053522523,no
rc,1024,16384,0.466224,0.295883,1.400072072,no
rc,2048,32768,0.597010,0.295883,1.792822823,no
rc,4096,65536,0.725379,0.217322,2.178315315,no
rc,8192,131072,0.863072,0.295883,2.591807808,no
oc,8,256,0.139896,0.217426,0.420108108,yes
oc,16,512,0.145814,0.224095,0.437879880,yes
oc,32,1024,0.156593,0.233659,0.470249249,yes
oc,64,2048,,,,no_model
oc,128,4096,0.231485,0.233659,0.695150150,yes
oc,256,8192,0.277413,0.269531,0.833072072,yes
oc,512,16384,0.374119,0.348095,1.123480480,no
oc,1024,32768,0.535371,0.348095,1.607720721,no
oc,2048,65536,0.691619,0.348095,2.076933934,no
oc,4096,131072,0.946489,0.534314,2.842309309,no
oc,8192,262144,1.085830,0.348095,3.260750751,no
eq,8,1024,,,,no_model
eq,16,2048,,,,no_model
eq,32,4096,0.231940,0.508864,0.696516517,yes
eq,64,8192,0.253432,0.524196,0.761057057,yes
eq,128,16384,0.280054,0.548053,0.841003003,yes
eq,256,32768,0.329288,0.585804,0.988852853,yes
eq,512,65536,0.415092,0.648937,1.246522523,no
eq,1024,131072,0.583038,0.648937,1.750864865,no
eq,2048,262144,0.866272,0.648937,2.601417417,no
eq,4096,524288,1.174950,0.781982,3.528378378,no
eq,8192,1048576,1.595600,0.781982,4.791591592,no
